,side,filledTime,profit,profitPercentage,accumulatedBalance,compoundProfitPerc,strategyCompoundProfitPerc,currencyPairDetails.quote,startAlloc,filledTimeM,filledTimeD,cumBal,cumProf,maxValPerc,minValPerc,maxValBal,minValBal
0,Sell,2021-05-06 04:00:00+00:00,-0.00986117,-0.19722648,0.99013883,-0.00986117,-0.19722648,BTC,1.0,2021-05-06 04:00:00+00:00,2021-05-06 04:00:00+00:00,0.99013883,-0.009861169999999975,1.2941583900000007,-0.029583509999999924,2.2941583900000007,0.9704164900000001
1,Sell,2021-05-06 04:00:00+00:00,-0.00986117,-0.19722648,0.98027766,-0.01972234,-0.19722648,BTC,1.0,2021-05-06 04:00:00+00:00,2021-05-06 04:00:00+00:00,0.98027766,-0.01972233999999995,1.2941583900000007,-0.029583509999999924,2.2941583900000007,0.9704164900000001
2,Sell,2021-05-06 04:00:00+00:00,-0.00986117,-0.19722648,0.97041649,-0.02958351,-0.19722648,BTC,1.0,2021-05-06 04:00:00+00:00,2021-05-06 04:00:00+00:00,0.9704164900000001,-0.029583509999999924,1.2941583900000007,-0.029583509999999924,2.2941583900000007,0.9704164900000001
3,Sell,2021-05-11 02:00:00+00:00,0.00496589,0.10496602,0.97538238,-0.02461762,-0.11296254,BTC,1.0,2021-05-11 02:00:00+00:00,2021-05-11 02:00:00+00:00,0.9753823800000001,-0.024617619999999896,1.2941583900000007,-0.029583509999999924,2.2941583900000007,0.9704164900000001
4,Sell,2021-05-11 02:00:00+00:00,0.00496589,0.10496602,0.98034827,-0.01965173,-0.11296254,BTC,1.0,2021-05-11 02:00:00+00:00,2021-05-11 02:00:00+00:00,0.9803482700000001,-0.019651729999999867,1.2941583900000007,-0.029583509999999924,2.2941583900000007,0.9704164900000001
5,Sell,2021-05-11 02:00:00+00:00,0.00496589,0.10496602,0.98531416,-0.01468584,-0.11296254,BTC,1.0,2021-05-11 02:00:00+00:00,2021-05-11 02:00:00+00:00,0.9853141600000002,-0.014685839999999839,1.2941583900000007,-0.029583509999999924,2.2941583900000007,0.9704164900000001
6,Sell,2021-05-19 20:00:00+00:00,0.08906853,1.80795367,1.07438269,0.07438269,1.49076009,BTC,1.0,2021-05-19 20:00:00+00:00,2021-05-19 20:00:00+00:00,1.0743826900000002,0.0743826900000002,1.2941583900000007,-0.029583509999999924,2.2941583900000007,0.9704164900000001
7,Sell,2021-05-19 20:00:00+00:00,0.08906853,1.80795367,1.16345122,0.16345122,1.49076009,BTC,1.0,2021-05-19 20:00:00+00:00,2021-05-19 20:00:00+00:00,1.1634512200000002,0.16345122000000023,1.2941583900000007,-0.029583509999999924,2.2941583900000007,0.9704164900000001
8,Sell,2021-05-19 20:00:00+00:00,0.08906853,1.80795367,1.25251975,0.25251975,1.49076009,BTC,1.0,2021-05-19 20:00:00+00:00,2021-05-19 20:00:00+00:00,1.2525197500000003,0.25251975000000026,1.2941583900000007,-0.029583509999999924,2.2941583900000007,0.9704164900000001
9,Sell,2021-05-20 22:00:00+00:00,0.101415,2.02832434,1.35393475,0.35393475,2.02832434,BTC,1.0,2021-05-20 22:00:00+00:00,2021-05-20 22:00:00+00:00,1.3539347500000003,0.3539347500000003,1.2941583900000007,-0.029583509999999924,2.2941583900000007,0.9704164900000001
10,Sell,2021-05-21 00:00:00+00:00,0.08040547,1.60815153,1.43434022,0.43434022,1.60815153,BTC,1.0,2021-05-21 00:00:00+00:00,2021-05-21 00:00:00+00:00,1.4343402200000004,0.4343402200000004,1.2941583900000007,-0.029583509999999924,2.2941583900000007,0.9704164900000001
11,Sell,2021-06-07 22:00:00+00:00,0.00345484,0.04817465,1.43779506,0.43779506,1.61075159,BTC,1.0,2021-06-07 22:00:00+00:00,2021-06-07 22:00:00+00:00,1.4377950600000005,0.43779506000000046,1.2941583900000007,-0.029583509999999924,2.2941583900000007,0.9704164900000001
12,Sell,2021-06-07 22:00:00+00:00,0.00345484,0.04817465,1.4412499,0.4412499,1.61075159,BTC,1.0,2021-06-07 22:00:00+00:00,2021-06-07 22:00:00+00:00,1.4412499000000005,0.44124990000000053,1.2941583900000007,-0.029583509999999924,2.2941583900000007,0.9704164900000001
13,Sell,2021-06-08 22:00:00+00:00,0.07759766,1.55199386,1.51884756,0.51884756,1.55199386,BTC,1.0,2021-06-08 22:00:00+00:00,2021-06-08 22:00:00+00:00,1.5188475600000004,0.5188475600000004,1.2941583900000007,-0.029583509999999924,2.2941583900000007,0.9704164900000001
14,Sell,2021-06-13 20:00:00+00:00,-0.00956112,-0.13332127,1.50928644,0.50928644,1.15868879,BTC,1.0,2021-06-13 20:00:00+00:00,2021-06-13 20:00:00+00:00,1.5092864400000003,0.5092864400000003,1.2941583900000007,-0.029583509999999924,2.2941583900000007,0.9704164900000001
15,Sell,2021-06-14 04:00:00+00:00,0.07262683,1.45255403,1.58191327,0.58191327,1.45255403,BTC,1.0,2021-06-14 04:00:00+00:00,2021-06-14 04:00:00+00:00,1.5819132700000003,0.5819132700000003,1.2941583900000007,-0.029583509999999924,2.2941583900000007,0.9704164900000001
16,Sell,2021-06-16 11:00:00+00:00,-0.00412508,-0.0521543,1.57778819,0.57778819,1.47458967,BTC,1.0,2021-06-16 11:00:00+00:00,2021-06-16 11:00:00+00:00,1.5777881900000004,0.5777881900000004,1.2941583900000007,-0.029583509999999924,2.2941583900000007,0.9704164900000001
17,Sell,2021-06-16 11:00:00+00:00,-0.00412508,-0.0521543,1.57366311,0.57366311,1.04610389,BTC,1.0,2021-06-16 11:00:00+00:00,2021-06-16 11:00:00+00:00,1.5736631100000005,0.5736631100000005,1.2941583900000007,-0.029583509999999924,2.2941583900000007,0.9704164900000001
18,Sell,2021-06-16 16:00:00+00:00,-0.01557969,-0.21723933,1.55808342,0.55808342,1.37045319,BTC,1.0,2021-06-16 16:00:00+00:00,2021-06-16 16:00:00+00:00,1.5580834200000004,0.5580834200000004,1.2941583900000007,-0.029583509999999924,2.2941583900000007,0.9704164900000001
19,Sell,2021-06-16 20:00:00+00:00,0.06914983,1.38300683,1.62723325,0.62723325,1.38300683,BTC,1.0,2021-06-16 20:00:00+00:00,2021-06-16 20:00:00+00:00,1.6272332500000004,0.6272332500000004,1.2941583900000007,-0.029583509999999924,2.2941583900000007,0.9704164900000001
20,Sell,2021-06-17 00:00:00+00:00,0.06580157,1.31604114,1.69303482,0.69303482,1.31604114,BTC,1.0,2021-06-17 00:00:00+00:00,2021-06-17 00:00:00+00:00,1.6930348200000005,0.6930348200000005,1.2941583900000007,-0.029583509999999924,2.2941583900000007,0.9704164900000001
21,Sell,2021-06-17 18:00:00+00:00,0.00689519,0.09614691,1.69993001,0.69993001,1.85891724,BTC,1.0,2021-06-17 18:00:00+00:00,2021-06-17 18:00:00+00:00,1.6999300100000005,0.6999300100000005,1.2941583900000007,-0.029583509999999924,2.2941583900000007,0.9704164900000001
22,Sell,2021-06-23 11:00:00+00:00,0.05008824,1.00178043,1.75001825,0.75001825,1.00178043,BTC,1.0,2021-06-23 11:00:00+00:00,2021-06-23 11:00:00+00:00,1.7500182500000006,0.7500182500000006,1.2941583900000007,-0.029583509999999924,2.2941583900000007,0.9704164900000001
23,Sell,2021-06-29 21:00:00+00:00,-0.01500784,-0.17657595,1.73501041,0.73501041,1.03763665,BTC,1.0,2021-06-29 21:00:00+00:00,2021-06-29 21:00:00+00:00,1.7350104100000006,0.7350104100000006,1.2941583900000007,-0.029583509999999924,2.2941583900000007,0.9704164900000001
24,Sell,2021-06-29 21:00:00+00:00,-0.01500784,-0.17657595,1.72000257,0.72000257,1.14975565,BTC,1.0,2021-06-29 21:00:00+00:00,2021-06-29 21:00:00+00:00,1.7200025700000006,0.7200025700000006,1.2941583900000007,-0.029583509999999924,2.2941583900000007,0.9704164900000001
25,Sell,2021-06-29 22:00:00+00:00,-0.01443121,-0.16979157,1.70557136,0.70557136,0.6986927,BTC,1.0,2021-06-29 22:00:00+00:00,2021-06-29 22:00:00+00:00,1.7055713600000006,0.7055713600000006,1.2941583900000007,-0.029583509999999924,2.2941583900000007,0.9704164900000001
26,Sell,2021-07-03 22:00:00+00:00,-0.00162284,-0.01903028,1.70394852,0.70394852,0.99885985,BTC,1.0,2021-07-03 22:00:00+00:00,2021-07-03 22:00:00+00:00,1.7039485200000006,0.7039485200000006,1.2941583900000007,-0.029583509999999924,2.2941583900000007,0.9704164900000001
27,Sell,2021-07-03 22:00:00+00:00,-0.00162284,-0.01903028,1.70232568,0.70232568,0.6663661,BTC,1.0,2021-07-03 22:00:00+00:00,2021-07-03 22:00:00+00:00,1.7023256800000006,0.7023256800000006,1.2941583900000007,-0.029583509999999924,2.2941583900000007,0.9704164900000001
28,Sell,2021-07-03 22:00:00+00:00,-0.00162284,-0.01903028,1.70070284,0.70070284,1.1088452,BTC,1.0,2021-07-03 22:00:00+00:00,2021-07-03 22:00:00+00:00,1.7007028400000006,0.7007028400000006,1.2941583900000007,-0.029583509999999924,2.2941583900000007,0.9704164900000001
29,Sell,2021-07-18 15:00:00+00:00,-0.02244799,-0.25655494,1.67825485,0.67825485,0.48821377,BTC,1.0,2021-07-18 15:00:00+00:00,2021-07-18 15:00:00+00:00,1.6782548500000005,0.6782548500000005,1.2941583900000007,-0.029583509999999924,2.2941583900000007,0.9704164900000001
30,Sell,2021-07-25 12:00:00+00:00,-0.02700429,-0.31771555,1.65125056,0.65125056,0.61732335,BTC,1.0,2021-07-25 12:00:00+00:00,2021-07-25 12:00:00+00:00,1.6512505600000005,0.6512505600000005,1.2941583900000007,-0.029583509999999924,2.2941583900000007,0.9704164900000001
31,Sell,2021-07-30 13:00:00+00:00,-0.00375132,-0.04470517,1.64749924,0.64749924,0.42168292,BTC,1.0,2021-07-30 13:00:00+00:00,2021-07-30 13:00:00+00:00,1.6474992400000006,0.6474992400000006,1.2941583900000007,-0.029583509999999924,2.2941583900000007,0.9704164900000001
32,Sell,2021-07-30 16:00:00+00:00,-0.00786168,-0.09522139,1.63963756,0.63963756,1.30898946,BTC,1.0,2021-07-30 16:00:00+00:00,2021-07-30 16:00:00+00:00,1.6396375600000006,0.6396375600000006,1.2941583900000007,-0.029583509999999924,2.2941583900000007,0.9704164900000001
33,Sell,2021-07-30 16:00:00+00:00,-0.00773139,-0.093645,1.63190617,0.63190617,1.22288461,BTC,1.0,2021-07-30 16:00:00+00:00,2021-07-30 16:00:00+00:00,1.6319061700000006,0.6319061700000006,1.2941583900000007,-0.029583509999999924,2.2941583900000007,0.9704164900000001
34,Sell,2021-08-08 05:00:00+00:00,-0.00257741,-0.0315882,1.62932876,0.62932876,0.37677452,BTC,1.0,2021-08-08 05:00:00+00:00,2021-08-08 05:00:00+00:00,1.6293287600000006,0.6293287600000006,1.2941583900000007,-0.029583509999999924,2.2941583900000007,0.9704164900000001
35,Sell,2021-08-15 14:00:00+00:00,0.00539046,0.06529093,1.63471922,0.63471922,0.7229199,BTC,1.0,2021-08-15 14:00:00+00:00,2021-08-15 14:00:00+00:00,1.6347192200000007,0.6347192200000007,1.2941583900000007,-0.029583509999999924,2.2941583900000007,0.9704164900000001
36,Sell,2021-08-17 08:00:00+00:00,-0.00466793,-0.05711126,1.63005129,0.63005129,0.62452177,BTC,1.0,2021-08-17 08:00:00+00:00,2021-08-17 08:00:00+00:00,1.6300512900000006,0.6300512900000006,1.2941583900000007,-0.029583509999999924,2.2941583900000007,0.9704164900000001
37,Sell,2021-08-19 08:00:00+00:00,-0.00934871,-0.18976199,1.62070258,0.62070258,-0.18976199,BTC,1.0,2021-08-19 08:00:00+00:00,2021-08-19 08:00:00+00:00,1.6207025800000006,0.6207025800000006,1.2941583900000007,-0.029583509999999924,2.2941583900000007,0.9704164900000001
38,Sell,2021-08-24 06:00:00+00:00,0.00174204,0.02149762,1.62244462,0.62244462,0.65944512,BTC,1.0,2021-08-24 06:00:00+00:00,2021-08-24 06:00:00+00:00,1.6224446200000004,0.6224446200000004,1.2941583900000007,-0.029583509999999924,2.2941583900000007,0.9704164900000001
39,Sell,2021-08-28 06:00:00+00:00,-0.00120761,-0.01482358,1.62123701,0.62123701,0.35636579,BTC,1.0,2021-08-28 06:00:00+00:00,2021-08-28 06:00:00+00:00,1.6212370100000004,0.6212370100000004,1.2941583900000007,-0.029583509999999924,2.2941583900000007,0.9704164900000001
40,Sell,2021-09-02 15:00:00+00:00,-0.0096142,-0.11306346,1.61162281,0.61162281,0.77286184,BTC,1.0,2021-09-02 15:00:00+00:00,2021-09-02 15:00:00+00:00,1.6116228100000005,0.6116228100000005,1.2941583900000007,-0.029583509999999924,2.2941583900000007,0.9704164900000001
41,Sell,2021-09-02 15:00:00+00:00,-0.0096142,-0.11306346,1.60200861,0.60200861,0.47796098,BTC,1.0,2021-09-02 15:00:00+00:00,2021-09-02 15:00:00+00:00,1.6020086100000006,0.6020086100000006,1.2941583900000007,-0.029583509999999924,2.2941583900000007,0.9704164900000001
42,Sell,2021-09-02 15:00:00+00:00,-0.0096142,-0.11306346,1.59239441,0.59239441,0.87041187,BTC,1.0,2021-09-02 15:00:00+00:00,2021-09-02 15:00:00+00:00,1.5923944100000007,0.5923944100000007,1.2941583900000007,-0.029583509999999924,2.2941583900000007,0.9704164900000001
43,Sell,2021-09-02 16:00:00+00:00,0.00747699,0.09163598,1.5998714,0.5998714,1.52057597,BTC,1.0,2021-09-02 16:00:00+00:00,2021-09-02 16:00:00+00:00,1.5998714000000007,0.5998714000000007,1.2941583900000007,-0.029583509999999924,2.2941583900000007,0.9704164900000001
44,Sell,2021-09-02 18:00:00+00:00,0.0024677,0.02988901,1.6023391,0.6023391,1.94436745,BTC,1.0,2021-09-02 18:00:00+00:00,2021-09-02 18:00:00+00:00,1.6023391000000007,0.6023391000000007,1.2941583900000007,-0.029583509999999924,2.2941583900000007,0.9704164900000001
45,Sell,2021-09-03 02:00:00+00:00,0.00789903,0.09680891,1.61023813,0.61023813,1.43807965,BTC,1.0,2021-09-03 02:00:00+00:00,2021-09-03 02:00:00+00:00,1.6102381300000006,0.6102381300000006,1.2941583900000007,-0.029583509999999924,2.2941583900000007,0.9704164900000001
46,Sell,2021-09-03 20:00:00+00:00,-0.01104792,-0.12992406,1.59919021,0.59919021,1.01513167,BTC,1.0,2021-09-03 20:00:00+00:00,2021-09-03 20:00:00+00:00,1.5991902100000006,0.5991902100000006,1.2941583900000007,-0.029583509999999924,2.2941583900000007,0.9704164900000001
47,Sell,2021-09-03 22:00:00+00:00,-0.00387725,-0.04783078,1.59531296,0.59531296,0.58007257,BTC,1.0,2021-09-03 22:00:00+00:00,2021-09-03 22:00:00+00:00,1.5953129600000007,0.5953129600000007,1.2941583900000007,-0.029583509999999924,2.2941583900000007,0.9704164900000001
48,Sell,2021-09-06 02:00:00+00:00,0.0052256,0.06551428,1.60053856,0.60053856,0.88900961,BTC,1.0,2021-09-06 02:00:00+00:00,2021-09-06 02:00:00+00:00,1.6005385600000006,0.6005385600000006,1.2941583900000007,-0.029583509999999924,2.2941583900000007,0.9704164900000001
49,Sell,2021-09-06 02:00:00+00:00,0.0052256,0.06551428,1.60576416,0.60576416,0.57478853,BTC,1.0,2021-09-06 02:00:00+00:00,2021-09-06 02:00:00+00:00,1.6057641600000006,0.6057641600000006,1.2941583900000007,-0.029583509999999924,2.2941583900000007,0.9704164900000001
50,Sell,2021-09-06 02:00:00+00:00,0.0052256,0.06551428,1.61098976,0.61098976,0.99295056,BTC,1.0,2021-09-06 02:00:00+00:00,2021-09-06 02:00:00+00:00,1.6109897600000005,0.6109897600000005,1.2941583900000007,-0.029583509999999924,2.2941583900000007,0.9704164900000001
51,Sell,2021-09-06 22:00:00+00:00,-0.00151504,-0.01899367,1.60947472,0.60947472,0.55006119,BTC,1.0,2021-09-06 22:00:00+00:00,2021-09-06 22:00:00+00:00,1.6094747200000006,0.6094747200000006,1.2941583900000007,-0.029583509999999924,2.2941583900000007,0.9704164900000001
52,Sell,2021-09-09 16:00:00+00:00,-0.00574345,-0.07200416,1.60373127,0.60373127,1.26252777,BTC,1.0,2021-09-09 16:00:00+00:00,2021-09-09 16:00:00+00:00,1.6037312700000006,0.6037312700000006,1.2941583900000007,-0.029583509999999924,2.2941583900000007,0.9704164900000001
53,Sell,2021-09-10 16:00:00+00:00,-0.00055924,-0.00694935,1.60317203,0.60317203,0.87588222,BTC,1.0,2021-09-10 16:00:00+00:00,2021-09-10 16:00:00+00:00,1.6031720300000005,0.6031720300000005,1.2941583900000007,-0.029583509999999924,2.2941583900000007,0.9704164900000001
54,Sell,2021-09-10 16:00:00+00:00,-0.00356787,-0.04433692,1.59960416,0.59960416,0.90458927,BTC,1.0,2021-09-10 16:00:00+00:00,2021-09-10 16:00:00+00:00,1.5996041600000006,0.5996041600000006,1.2941583900000007,-0.029583509999999924,2.2941583900000007,0.9704164900000001
55,Sell,2021-09-10 18:00:00+00:00,-0.0064677,-0.0810839,1.59313646,0.59313646,1.31619784,BTC,1.0,2021-09-10 18:00:00+00:00,2021-09-10 18:00:00+00:00,1.5931364600000006,0.5931364600000006,1.2941583900000007,-0.029583509999999924,2.2941583900000007,0.9704164900000001
56,Sell,2021-09-10 20:00:00+00:00,-0.00561014,-0.06996583,1.58752632,0.58752632,1.10422814,BTC,1.0,2021-09-10 20:00:00+00:00,2021-09-10 20:00:00+00:00,1.5875263200000007,0.5875263200000007,1.2941583900000007,-0.029583509999999924,2.2941583900000007,0.9704164900000001
57,Sell,2021-09-10 20:00:00+00:00,-0.00104702,-0.01301071,1.5864793,0.5864793,0.55429941,BTC,1.0,2021-09-10 20:00:00+00:00,2021-09-10 20:00:00+00:00,1.5864793000000008,0.5864793000000008,1.2941583900000007,-0.029583509999999924,2.2941583900000007,0.9704164900000001
58,Sell,2021-09-12 06:00:00+00:00,0.03771129,0.7971223,1.62419059,0.62419059,0.7971223,BTC,1.0,2021-09-12 06:00:00+00:00,2021-09-12 06:00:00+00:00,1.6241905900000009,0.6241905900000009,1.2941583900000007,-0.029583509999999924,2.2941583900000007,0.9704164900000001
59,Sell,2021-09-12 06:00:00+00:00,0.03771129,0.7971223,1.66190188,0.66190188,0.7971223,BTC,1.0,2021-09-12 06:00:00+00:00,2021-09-12 06:00:00+00:00,1.661901880000001,0.6619018800000009,1.2941583900000007,-0.029583509999999924,2.2941583900000007,0.9704164900000001
60,Sell,2021-09-12 08:00:00+00:00,-0.00355995,-0.04391648,1.65834193,0.65834193,0.29679898,BTC,1.0,2021-09-12 08:00:00+00:00,2021-09-12 08:00:00+00:00,1.6583419300000009,0.6583419300000009,1.2941583900000007,-0.029583509999999924,2.2941583900000007,0.9704164900000001
61,Sell,2021-09-16 22:00:00+00:00,-0.00763669,-0.09573922,1.65070524,0.65070524,1.66247601,BTC,1.0,2021-09-16 22:00:00+00:00,2021-09-16 22:00:00+00:00,1.6507052400000009,0.6507052400000009,1.2941583900000007,-0.029583509999999924,2.2941583900000007,0.9704164900000001
62,Sell,2021-09-16 22:00:00+00:00,-0.0004844,-0.00584216,1.65022084,0.65022084,0.86492302,BTC,1.0,2021-09-16 22:00:00+00:00,2021-09-16 22:00:00+00:00,1.650220840000001,0.6502208400000009,1.2941583900000007,-0.029583509999999924,2.2941583900000007,0.9704164900000001
63,Sell,2021-09-16 22:00:00+00:00,-0.0004844,-0.00584216,1.64973644,0.64973644,0.89346235,BTC,1.0,2021-09-16 22:00:00+00:00,2021-09-16 22:00:00+00:00,1.649736440000001,0.649736440000001,1.2941583900000007,-0.029583509999999924,2.2941583900000007,0.9704164900000001
64,Sell,2021-09-17 04:00:00+00:00,0.03708505,0.74170649,1.68682149,0.68682149,0.74170649,BTC,1.0,2021-09-17 04:00:00+00:00,2021-09-17 04:00:00+00:00,1.686821490000001,0.6868214900000009,1.2941583900000007,-0.029583509999999924,2.2941583900000007,0.9704164900000001
65,Sell,2021-09-17 04:00:00+00:00,0.03708505,0.74170649,1.72390654,0.72390654,0.74170649,BTC,1.0,2021-09-17 04:00:00+00:00,2021-09-17 04:00:00+00:00,1.7239065400000009,0.7239065400000009,1.2941583900000007,-0.029583509999999924,2.2941583900000007,0.9704164900000001
66,Sell,2021-09-17 20:00:00+00:00,0.00324932,0.03988556,1.72715586,0.72715586,1.47805439,BTC,1.0,2021-09-17 20:00:00+00:00,2021-09-17 20:00:00+00:00,1.7271558600000008,0.7271558600000008,1.2941583900000007,-0.029583509999999924,2.2941583900000007,0.9704164900000001
67,Sell,2021-09-23 18:00:00+00:00,-0.00981695,-0.11839826,1.71733891,0.71733891,0.58434615,BTC,1.0,2021-09-23 18:00:00+00:00,2021-09-23 18:00:00+00:00,1.7173389100000007,0.7173389100000007,1.2941583900000007,-0.029583509999999924,2.2941583900000007,0.9704164900000001
68,Sell,2021-09-23 18:00:00+00:00,-0.00981695,-0.11839826,1.70752196,0.70752196,0.58434615,BTC,1.0,2021-09-23 18:00:00+00:00,2021-09-23 18:00:00+00:00,1.7075219600000007,0.7075219600000007,1.2941583900000007,-0.029583509999999924,2.2941583900000007,0.9704164900000001
69,Sell,2021-09-24 00:00:00+00:00,0.03196195,0.67559564,1.73948391,0.73948391,0.67559564,BTC,1.0,2021-09-24 00:00:00+00:00,2021-09-24 00:00:00+00:00,1.7394839100000006,0.7394839100000006,1.2941583900000007,-0.029583509999999924,2.2941583900000007,0.9704164900000001
70,Sell,2021-09-24 00:00:00+00:00,0.03196195,0.67559564,1.77144586,0.77144586,0.67559564,BTC,1.0,2021-09-24 00:00:00+00:00,2021-09-24 00:00:00+00:00,1.7714458600000005,0.7714458600000005,1.2941583900000007,-0.029583509999999924,2.2941583900000007,0.9704164900000001
71,Sell,2021-09-24 00:00:00+00:00,-0.0098704,-0.11904129,1.76157546,0.76157546,1.04047466,BTC,1.0,2021-09-24 00:00:00+00:00,2021-09-24 00:00:00+00:00,1.7615754600000004,0.7615754600000004,1.2941583900000007,-0.029583509999999924,2.2941583900000007,0.9704164900000001
72,Sell,2021-09-24 00:00:00+00:00,-0.0098704,-0.11904129,1.75170506,0.75170506,0.85373811,BTC,1.0,2021-09-24 00:00:00+00:00,2021-09-24 00:00:00+00:00,1.7517050600000004,0.7517050600000004,1.2941583900000007,-0.029583509999999924,2.2941583900000007,0.9704164900000001
73,Sell,2021-09-24 02:00:00+00:00,-0.00905105,-0.10481005,1.74265401,0.74265401,0.66946035,BTC,1.0,2021-09-24 02:00:00+00:00,2021-09-24 02:00:00+00:00,1.7426540100000003,0.7426540100000003,1.2941583900000007,-0.029583509999999924,2.2941583900000007,0.9704164900000001
74,Sell,2021-09-24 02:00:00+00:00,-0.00591342,-0.07131951,1.73674059,0.73674059,0.44344754,BTC,1.0,2021-09-24 02:00:00+00:00,2021-09-24 02:00:00+00:00,1.7367405900000004,0.7367405900000004,1.2941583900000007,-0.029583509999999924,2.2941583900000007,0.9704164900000001
75,Sell,2021-09-24 02:00:00+00:00,-0.00905105,-0.10481005,1.72768954,0.72768954,0.69500847,BTC,1.0,2021-09-24 02:00:00+00:00,2021-09-24 02:00:00+00:00,1.7276895400000003,0.7276895400000003,1.2941583900000007,-0.029583509999999924,2.2941583900000007,0.9704164900000001
76,Sell,2021-09-29 08:00:00+00:00,-0.00983595,-0.11862765,1.71785359,0.71785359,0.14296276,BTC,1.0,2021-09-29 08:00:00+00:00,2021-09-29 08:00:00+00:00,1.7178535900000003,0.7178535900000003,1.2941583900000007,-0.029583509999999924,2.2941583900000007,0.9704164900000001
77,Sell,2021-09-30 06:00:00+00:00,-0.00146983,-0.01711246,1.71638376,0.71638376,0.64089178,BTC,1.0,2021-09-30 06:00:00+00:00,2021-09-30 06:00:00+00:00,1.7163837600000003,0.7163837600000003,1.2941583900000007,-0.029583509999999924,2.2941583900000007,0.9704164900000001
78,Sell,2021-09-30 06:00:00+00:00,-0.00146983,-0.01711246,1.71491393,0.71491393,0.4187466,BTC,1.0,2021-09-30 06:00:00+00:00,2021-09-30 06:00:00+00:00,1.7149139300000003,0.7149139300000003,1.2941583900000007,-0.029583509999999924,2.2941583900000007,0.9704164900000001
79,Sell,2021-09-30 06:00:00+00:00,-0.00146983,-0.01711246,1.7134441,0.7134441,0.66600271,BTC,1.0,2021-09-30 06:00:00+00:00,2021-09-30 06:00:00+00:00,1.7134441000000002,0.7134441000000002,1.2941583900000007,-0.029583509999999924,2.2941583900000007,0.9704164900000001
80,Sell,2021-10-01 16:00:00+00:00,-0.00210531,-0.0245742,1.71133879,0.71133879,0.60056818,BTC,1.0,2021-10-01 16:00:00+00:00,2021-10-01 16:00:00+00:00,1.7113387900000003,0.7113387900000003,1.2941583900000007,-0.029583509999999924,2.2941583900000007,0.9704164900000001
81,Sell,2021-10-01 16:00:00+00:00,-0.00210531,-0.0245742,1.70923348,0.70923348,0.62506203,BTC,1.0,2021-10-01 16:00:00+00:00,2021-10-01 16:00:00+00:00,1.7092334800000004,0.7092334800000004,1.2941583900000007,-0.029583509999999924,2.2941583900000007,0.9704164900000001
82,Sell,2021-10-01 22:00:00+00:00,-0.00229771,-0.02681999,1.70693577,0.70693577,0.38069583,BTC,1.0,2021-10-01 22:00:00+00:00,2021-10-01 22:00:00+00:00,1.7069357700000005,0.7069357700000005,1.2941583900000007,-0.029583509999999924,2.2941583900000007,0.9704164900000001
83,Sell,2021-10-02 08:00:00+00:00,-0.01413359,-0.17626447,1.69280218,0.69280218,0.27684048,BTC,1.0,2021-10-02 08:00:00+00:00,2021-10-02 08:00:00+00:00,1.6928021800000006,0.6928021800000006,1.2941583900000007,-0.029583509999999924,2.2941583900000007,0.9704164900000001
84,Sell,2021-10-08 22:00:00+00:00,-0.00702674,-0.0830192,1.68577544,0.68577544,0.46769029,BTC,1.0,2021-10-08 22:00:00+00:00,2021-10-08 22:00:00+00:00,1.6857754400000007,0.6857754400000007,1.2941583900000007,-0.029583509999999924,2.2941583900000007,0.9704164900000001
85,Sell,2021-10-08 22:00:00+00:00,-0.00702674,-0.0830192,1.6787487,0.6787487,0.26607157,BTC,1.0,2021-10-08 22:00:00+00:00,2021-10-08 22:00:00+00:00,1.6787487000000008,0.6787487000000008,1.2941583900000007,-0.029583509999999924,2.2941583900000007,0.9704164900000001
86,Sell,2021-10-08 22:00:00+00:00,-0.00702674,-0.0830192,1.67172196,0.67172196,0.49015068,BTC,1.0,2021-10-08 22:00:00+00:00,2021-10-08 22:00:00+00:00,1.6717219600000008,0.6717219600000008,1.2941583900000007,-0.029583509999999924,2.2941583900000007,0.9704164900000001
87,Sell,2021-10-09 12:00:00+00:00,-0.00874288,-0.10329647,1.66297908,0.66297908,0.82970083,BTC,1.0,2021-10-09 12:00:00+00:00,2021-10-09 12:00:00+00:00,1.6629790800000008,0.6629790800000008,1.2941583900000007,-0.029583509999999924,2.2941583900000007,0.9704164900000001
88,Sell,2021-10-09 12:00:00+00:00,-0.00874288,-0.10329647,1.6542362,0.6542362,0.66225351,BTC,1.0,2021-10-09 12:00:00+00:00,2021-10-09 12:00:00+00:00,1.6542362000000008,0.6542362000000008,1.2941583900000007,-0.029583509999999924,2.2941583900000007,0.9704164900000001
89,Sell,2021-10-17 16:00:00+00:00,0.00217741,0.02632565,1.65641361,0.65641361,0.50632819,BTC,1.0,2021-10-17 16:00:00+00:00,2021-10-17 16:00:00+00:00,1.6564136100000009,0.6564136100000009,1.2941583900000007,-0.029583509999999924,2.2941583900000007,0.9704164900000001
90,Sell,2021-10-17 16:00:00+00:00,0.00217741,0.02632565,1.65859102,0.65859102,0.29940173,BTC,1.0,2021-10-17 16:00:00+00:00,2021-10-17 16:00:00+00:00,1.658591020000001,0.6585910200000009,1.2941583900000007,-0.029583509999999924,2.2941583900000007,0.9704164900000001
91,Sell,2021-10-17 16:00:00+00:00,0.00217741,0.02632565,1.66076843,0.66076843,0.52937987,BTC,1.0,2021-10-17 16:00:00+00:00,2021-10-17 16:00:00+00:00,1.660768430000001,0.660768430000001,1.2941583900000007,-0.029583509999999924,2.2941583900000007,0.9704164900000001
92,Sell,2021-10-17 18:00:00+00:00,-0.00413461,-0.04998835,1.65663382,0.65663382,0.5791602,BTC,1.0,2021-10-17 18:00:00+00:00,2021-10-17 18:00:00+00:00,1.656633820000001,0.656633820000001,1.2941583900000007,-0.029583509999999924,2.2941583900000007,0.9704164900000001
93,Sell,2021-10-17 22:00:00+00:00,-0.01118018,-0.13209299,1.64545364,0.64545364,1.31078159,BTC,1.0,2021-10-17 22:00:00+00:00,2021-10-17 22:00:00+00:00,1.645453640000001,0.645453640000001,1.2941583900000007,-0.029583509999999924,2.2941583900000007,0.9704164900000001
94,Sell,2021-10-17 22:00:00+00:00,-0.01117781,-0.13206499,1.63427583,0.63427583,0.10821455,BTC,1.0,2021-10-17 22:00:00+00:00,2021-10-17 22:00:00+00:00,1.634275830000001,0.6342758300000011,1.2941583900000007,-0.029583509999999924,2.2941583900000007,0.9704164900000001
95,Sell,2021-10-25 13:00:00+00:00,0.00251153,0.0307358,1.63678736,0.63678736,0.55262639,BTC,1.0,2021-10-25 13:00:00+00:00,2021-10-25 13:00:00+00:00,1.6367873600000011,0.6367873600000011,1.2941583900000007,-0.029583509999999924,2.2941583900000007,0.9704164900000001
96,Sell,2021-10-25 13:00:00+00:00,0.00251153,0.0307358,1.63929889,0.63929889,0.33933988,BTC,1.0,2021-10-25 13:00:00+00:00,2021-10-25 13:00:00+00:00,1.6392988900000012,0.6392988900000012,1.2941583900000007,-0.029583509999999924,2.2941583900000007,0.9704164900000001
97,Sell,2021-10-25 13:00:00+00:00,0.00251153,0.0307358,1.64181042,0.64181042,0.57638658,BTC,1.0,2021-10-25 13:00:00+00:00,2021-10-25 13:00:00+00:00,1.6418104200000012,0.6418104200000012,1.2941583900000007,-0.029583509999999924,2.2941583900000007,0.9704164900000001
98,Sell,2021-10-30 02:00:00+00:00,0.01463519,0.17828444,1.65644561,0.65644561,0.82943552,BTC,1.0,2021-10-30 02:00:00+00:00,2021-10-30 02:00:00+00:00,1.6564456100000011,0.6564456100000011,1.2941583900000007,-0.029583509999999924,2.2941583900000007,0.9704164900000001
99,Sell,2021-10-30 02:00:00+00:00,0.01463519,0.17828444,1.6710808,0.6710808,0.57812334,BTC,1.0,2021-10-30 02:00:00+00:00,2021-10-30 02:00:00+00:00,1.671080800000001,0.671080800000001,1.2941583900000007,-0.029583509999999924,2.2941583900000007,0.9704164900000001
100,Sell,2021-10-30 02:00:00+00:00,0.01463519,0.17828444,1.68571599,0.68571599,0.85743178,BTC,1.0,2021-10-30 02:00:00+00:00,2021-10-30 02:00:00+00:00,1.685715990000001,0.6857159900000009,1.2941583900000007,-0.029583509999999924,2.2941583900000007,0.9704164900000001
101,Sell,2021-10-30 14:00:00+00:00,0.02301367,0.28164094,1.70872966,0.70872966,0.42033314,BTC,1.0,2021-10-30 14:00:00+00:00,2021-10-30 14:00:00+00:00,1.708729660000001,0.708729660000001,1.2941583900000007,-0.029583509999999924,2.2941583900000007,0.9704164900000001
102,Sell,2021-11-04 07:00:00+00:00,-0.00018663,-0.00218448,1.70854303,0.70854303,0.82543915,BTC,1.0,2021-11-04 07:00:00+00:00,2021-11-04 07:00:00+00:00,1.708543030000001,0.7085430300000011,1.2941583900000007,-0.029583509999999924,2.2941583900000007,0.9704164900000001
103,Sell,2021-11-04 07:00:00+00:00,-0.00018663,-0.00218448,1.7083564,0.7083564,0.85337426,BTC,1.0,2021-11-04 07:00:00+00:00,2021-11-04 07:00:00+00:00,1.708356400000001,0.7083564000000011,1.2941583900000007,-0.029583509999999924,2.2941583900000007,0.9704164900000001
104,Sell,2021-11-04 09:00:00+00:00,-0.00045328,-0.00530558,1.70790312,0.70790312,0.56975048,BTC,1.0,2021-11-04 09:00:00+00:00,2021-11-04 09:00:00+00:00,1.7079031200000012,0.7079031200000012,1.2941583900000007,-0.029583509999999924,2.2941583900000007,0.9704164900000001
105,Sell,2021-11-13 16:00:00+00:00,-0.00163291,-0.01912189,1.70627021,0.70627021,0.7905333,BTC,1.0,2021-11-13 16:00:00+00:00,2021-11-13 16:00:00+00:00,1.7062702100000011,0.7062702100000011,1.2941583900000007,-0.029583509999999924,2.2941583900000007,0.9704164900000001
106,Sell,2021-11-13 16:00:00+00:00,-0.00163025,-0.01909074,1.70463996,0.70463996,0.53978278,BTC,1.0,2021-11-13 16:00:00+00:00,2021-11-13 16:00:00+00:00,1.704639960000001,0.7046399600000011,1.2941583900000007,-0.029583509999999924,2.2941583900000007,0.9704164900000001
107,Sell,2021-11-14 10:00:00+00:00,0.00440057,0.05320386,1.70904053,0.70904053,0.92704798,BTC,1.0,2021-11-14 10:00:00+00:00,2021-11-14 10:00:00+00:00,1.7090405300000011,0.7090405300000011,1.2941583900000007,-0.029583509999999924,2.2941583900000007,0.9704164900000001
108,Sell,2021-11-14 10:00:00+00:00,0.00879215,0.1075982,1.71783268,0.71783268,0.749075,BTC,1.0,2021-11-14 10:00:00+00:00,2021-11-14 10:00:00+00:00,1.7178326800000012,0.7178326800000012,1.2941583900000007,-0.029583509999999924,2.2941583900000007,0.9704164900000001
109,Sell,2021-11-18 13:00:00+00:00,1.981e-05,0.00023064,1.71785249,0.71785249,0.79094627,BTC,1.0,2021-11-18 13:00:00+00:00,2021-11-18 13:00:00+00:00,1.7178524900000012,0.7178524900000012,1.2941583900000007,-0.029583509999999924,2.2941583900000007,0.9704164900000001
110,Sell,2021-11-18 13:00:00+00:00,-0.00280468,-0.03265446,1.71504781,0.71504781,0.79285332,BTC,1.0,2021-11-18 13:00:00+00:00,2021-11-18 13:00:00+00:00,1.7150478100000013,0.7150478100000013,1.2941583900000007,-0.029583509999999924,2.2941583900000007,0.9704164900000001
111,Sell,2021-11-22 04:00:00+00:00,0.00976967,0.11956107,1.72481748,0.72481748,1.58706111,BTC,1.0,2021-11-22 04:00:00+00:00,2021-11-22 04:00:00+00:00,1.7248174800000013,0.7248174800000013,1.2941583900000007,-0.029583509999999924,2.2941583900000007,0.9704164900000001
112,Sell,2021-11-27 16:00:00+00:00,-0.00634078,-0.07421648,1.7184767,0.7184767,0.31492101,BTC,1.0,2021-11-27 16:00:00+00:00,2021-11-27 16:00:00+00:00,1.7184767000000014,0.7184767000000014,1.2941583900000007,-0.029583509999999924,2.2941583900000007,0.9704164900000001
113,Sell,2021-12-09 20:00:00+00:00,0.03492772,0.40650909,1.75340442,0.75340442,0.84944835,BTC,1.0,2021-12-09 20:00:00+00:00,2021-12-09 20:00:00+00:00,1.7534044200000014,0.7534044200000014,1.2941583900000007,-0.029583509999999924,2.2941583900000007,0.9704164900000001
114,Sell,2021-12-20 06:00:00+00:00,0.00601658,0.06863024,1.759421,0.759421,0.97637643,BTC,1.0,2021-12-20 06:00:00+00:00,2021-12-20 06:00:00+00:00,1.7594210000000015,0.7594210000000015,1.2941583900000007,-0.029583509999999924,2.2941583900000007,0.9704164900000001
115,Sell,2021-12-24 13:00:00+00:00,0.07332521,0.85508435,1.83274621,0.83274621,2.3223564,BTC,1.0,2021-12-24 13:00:00+00:00,2021-12-24 13:00:00+00:00,1.8327462100000014,0.8327462100000014,1.2941583900000007,-0.029583509999999924,2.2941583900000007,0.9704164900000001
116,Sell,2021-12-24 13:00:00+00:00,0.08031279,0.93506447,1.913059,0.913059,1.97957895,BTC,1.0,2021-12-24 13:00:00+00:00,2021-12-24 13:00:00+00:00,1.9130590000000014,0.9130590000000014,1.2941583900000007,-0.029583509999999924,2.2941583900000007,0.9704164900000001
117,Sell,2021-12-24 13:00:00+00:00,0.0703476,0.82038037,1.9834066,0.9834066,2.26367499,BTC,1.0,2021-12-24 13:00:00+00:00,2021-12-24 13:00:00+00:00,1.9834066000000015,0.9834066000000015,1.2941583900000007,-0.029583509999999924,2.2941583900000007,0.9704164900000001
118,Sell,2021-12-24 18:00:00+00:00,0.0018561,0.0210991,1.9852627,0.9852627,1.01807619,BTC,1.0,2021-12-24 18:00:00+00:00,2021-12-24 18:00:00+00:00,1.9852627000000014,0.9852627000000014,1.2941583900000007,-0.029583509999999924,2.2941583900000007,0.9704164900000001
119,Sell,2021-12-29 16:00:00+00:00,-0.00773928,-0.07796811,1.97752342,0.97752342,0.8607306,BTC,1.0,2021-12-29 16:00:00+00:00,2021-12-29 16:00:00+00:00,1.9775234200000014,0.9775234200000014,1.2941583900000007,-0.029583509999999924,2.2941583900000007,0.9704164900000001
120,Sell,2022-01-10 12:00:00+00:00,0.07478547,0.87070327,2.05230889,1.05230889,1.13814417,BTC,1.0,2022-01-10 12:00:00+00:00,2022-01-10 12:00:00+00:00,2.0523088900000013,1.0523088900000013,1.2941583900000007,-0.029583509999999924,2.2941583900000007,0.9704164900000001
121,Sell,2022-01-11 00:00:00+00:00,0.06691865,0.77595522,2.11922754,1.11922754,2.42235092,BTC,1.0,2022-01-11 00:00:00+00:00,2022-01-11 00:00:00+00:00,2.119227540000001,1.1192275400000011,1.2941583900000007,-0.029583509999999924,2.2941583900000007,0.9704164900000001
122,Sell,2022-01-26 06:00:00+00:00,-0.02087529,-0.19701117,2.09835225,1.09835225,1.74810956,BTC,1.0,2022-01-26 06:00:00+00:00,2022-01-26 06:00:00+00:00,2.098352250000001,1.098352250000001,1.2941583900000007,-0.029583509999999924,2.2941583900000007,0.9704164900000001
123,Sell,2022-01-26 23:00:00+00:00,-0.01514853,-0.15261267,2.08320372,1.08320372,1.81532272,BTC,1.0,2022-01-26 23:00:00+00:00,2022-01-26 23:00:00+00:00,2.083203720000001,1.083203720000001,1.2941583900000007,-0.029583509999999924,2.2941583900000007,0.9704164900000001
124,Sell,2022-01-26 23:00:00+00:00,-0.01758859,-0.17719741,2.06561513,1.06561513,1.68536023,BTC,1.0,2022-01-26 23:00:00+00:00,2022-01-26 23:00:00+00:00,2.065615130000001,1.0656151300000012,1.2941583900000007,-0.029583509999999924,2.2941583900000007,0.9704164900000001
125,Sell,2022-01-27 04:00:00+00:00,-0.01613577,-0.16255854,2.04947936,1.04947936,1.49522295,BTC,1.0,2022-01-27 04:00:00+00:00,2022-01-27 04:00:00+00:00,2.049479360000001,1.0494793600000012,1.2941583900000007,-0.029583509999999924,2.2941583900000007,0.9704164900000001
126,Sell,2022-01-30 02:00:00+00:00,0.0507999,0.58905025,2.10027926,1.10027926,3.1109701,BTC,1.0,2022-01-30 02:00:00+00:00,2022-01-30 02:00:00+00:00,2.100279260000001,1.100279260000001,1.2941583900000007,-0.029583509999999924,2.2941583900000007,0.9704164900000001
127,Sell,2022-02-01 02:00:00+00:00,-0.02093522,-0.19757676,2.07934404,1.07934404,0.71569657,BTC,1.0,2022-02-01 02:00:00+00:00,2022-02-01 02:00:00+00:00,2.079344040000001,1.079344040000001,1.2941583900000007,-0.029583509999999924,2.2941583900000007,0.9704164900000001
128,Sell,2022-02-08 21:00:00+00:00,-0.00264016,-0.02576516,2.07670388,1.07670388,1.74278548,BTC,1.0,2022-02-08 21:00:00+00:00,2022-02-08 21:00:00+00:00,2.076703880000001,1.076703880000001,1.2941583900000007,-0.029583509999999924,2.2941583900000007,0.9704164900000001
129,Sell,2022-02-08 21:00:00+00:00,-0.00264452,-0.02580771,2.07405936,1.07405936,1.61605723,BTC,1.0,2022-02-08 21:00:00+00:00,2022-02-08 21:00:00+00:00,2.074059360000001,1.074059360000001,1.2941583900000007,-0.029583509999999924,2.2941583900000007,0.9704164900000001
130,Sell,2022-02-08 22:00:00+00:00,-0.00339248,-0.03310701,2.07066688,1.07066688,1.41261358,BTC,1.0,2022-02-08 22:00:00+00:00,2022-02-08 22:00:00+00:00,2.070666880000001,1.070666880000001,1.2941583900000007,-0.029583509999999924,2.2941583900000007,0.9704164900000001
131,Sell,2022-02-10 14:00:00+00:00,-0.01420202,-0.14363975,2.05646486,1.05646486,0.59345572,BTC,1.0,2022-02-10 14:00:00+00:00,2022-02-10 14:00:00+00:00,2.056464860000001,1.056464860000001,1.2941583900000007,-0.029583509999999924,2.2941583900000007,0.9704164900000001
132,Sell,2022-02-11 16:00:00+00:00,0.02276135,0.28088371,2.07922621,1.07922621,0.03782067,BTC,1.0,2022-02-11 16:00:00+00:00,2022-02-11 16:00:00+00:00,2.079226210000001,1.0792262100000012,1.2941583900000007,-0.029583509999999924,2.2941583900000007,0.9704164900000001
133,Sell,2022-02-16 06:00:00+00:00,-0.01212801,-0.117144,2.0670982,1.0670982,1.42148462,BTC,1.0,2022-02-16 06:00:00+00:00,2022-02-16 06:00:00+00:00,2.067098200000001,1.067098200000001,1.2941583900000007,-0.029583509999999924,2.2941583900000007,0.9704164900000001
134,Sell,2022-02-16 06:00:00+00:00,-0.01212801,-0.117144,2.05497019,1.05497019,1.12999037,BTC,1.0,2022-02-16 06:00:00+00:00,2022-02-16 06:00:00+00:00,2.054970190000001,1.054970190000001,1.2941583900000007,-0.029583509999999924,2.2941583900000007,0.9704164900000001
135,Sell,2022-02-16 06:00:00+00:00,-0.01212392,-0.1171045,2.04284627,1.04284627,1.30970516,BTC,1.0,2022-02-16 06:00:00+00:00,2022-02-16 06:00:00+00:00,2.042846270000001,1.042846270000001,1.2941583900000007,-0.029583509999999924,2.2941583900000007,0.9704164900000001
136,Sell,2022-02-16 18:00:00+00:00,0.0427915,0.52368653,2.08563777,1.08563777,1.41404689,BTC,1.0,2022-02-16 18:00:00+00:00,2022-02-16 18:00:00+00:00,2.085637770000001,1.0856377700000008,1.2941583900000007,-0.029583509999999924,2.2941583900000007,0.9704164900000001
137,Sell,2022-02-16 18:00:00+00:00,0.04102251,0.50203986,2.12666028,1.12666028,1.37975107,BTC,1.0,2022-02-16 18:00:00+00:00,2022-02-16 18:00:00+00:00,2.1266602800000007,1.1266602800000007,1.2941583900000007,-0.029583509999999924,2.2941583900000007,0.9704164900000001
138,Sell,2022-02-16 18:00:00+00:00,-0.01149134,-0.1105318,2.11516894,1.11516894,2.65657718,BTC,1.0,2022-02-16 18:00:00+00:00,2022-02-16 18:00:00+00:00,2.1151689400000007,1.1151689400000007,1.2941583900000007,-0.029583509999999924,2.2941583900000007,0.9704164900000001
139,Sell,2022-02-16 18:00:00+00:00,-0.01149134,-0.1105318,2.1036776,1.1036776,1.44435606,BTC,1.0,2022-02-16 18:00:00+00:00,2022-02-16 18:00:00+00:00,2.1036776000000006,1.1036776000000006,1.2941583900000007,-0.029583509999999924,2.2941583900000007,0.9704164900000001
140,Sell,2022-02-17 20:00:00+00:00,-0.00298022,-0.02833349,2.10069738,1.10069738,1.35287551,BTC,1.0,2022-02-17 20:00:00+00:00,2022-02-17 20:00:00+00:00,2.1006973800000006,1.1006973800000006,1.2941583900000007,-0.029583509999999924,2.2941583900000007,0.9704164900000001
141,Sell,2022-02-17 20:00:00+00:00,-0.00298022,-0.02833349,2.09771716,1.09771716,1.24426315,BTC,1.0,2022-02-17 20:00:00+00:00,2022-02-17 20:00:00+00:00,2.0977171600000006,1.0977171600000006,1.2941583900000007,-0.029583509999999924,2.2941583900000007,0.9704164900000001
142,Sell,2022-02-18 12:00:00+00:00,-0.00310252,-0.0294965,2.09461464,1.09461464,2.54872095,BTC,1.0,2022-02-18 12:00:00+00:00,2022-02-18 12:00:00+00:00,2.0946146400000005,1.0946146400000005,1.2941583900000007,-0.029583509999999924,2.2941583900000007,0.9704164900000001
143,Sell,2022-02-18 14:00:00+00:00,-0.00307778,-0.02926129,2.09153686,1.09153686,1.37283105,BTC,1.0,2022-02-18 14:00:00+00:00,2022-02-18 14:00:00+00:00,2.0915368600000006,1.0915368600000006,1.2941583900000007,-0.029583509999999924,2.2941583900000007,0.9704164900000001
144,Sell,2022-02-18 16:00:00+00:00,-0.00488341,-0.04642791,2.08665345,1.08665345,0.5194749,BTC,1.0,2022-02-18 16:00:00+00:00,2022-02-18 16:00:00+00:00,2.0866534500000005,1.0866534500000005,1.2941583900000007,-0.029583509999999924,2.2941583900000007,0.9704164900000001
145,Sell,2022-02-19 08:00:00+00:00,0.00558301,0.11332506,2.09223646,1.09223646,0.11332506,BTC,1.0,2022-02-19 08:00:00+00:00,2022-02-19 08:00:00+00:00,2.0922364600000005,1.0922364600000005,1.2941583900000007,-0.029583509999999924,2.2941583900000007,0.9704164900000001
146,Sell,2022-02-19 08:00:00+00:00,0.00558301,0.11332506,2.09781947,1.09781947,0.11332506,BTC,1.0,2022-02-19 08:00:00+00:00,2022-02-19 08:00:00+00:00,2.0978194700000006,1.0978194700000006,1.2941583900000007,-0.029583509999999924,2.2941583900000007,0.9704164900000001
147,Sell,2022-02-19 08:00:00+00:00,0.00558301,0.11332506,2.10340248,1.10340248,0.11332506,BTC,1.0,2022-02-19 08:00:00+00:00,2022-02-19 08:00:00+00:00,2.1034024800000006,1.1034024800000006,1.2941583900000007,-0.029583509999999924,2.2941583900000007,0.9704164900000001
148,Sell,2022-02-24 20:00:00+00:00,0.03975155,0.48061789,2.14315403,1.14315403,2.66905166,BTC,1.0,2022-02-24 20:00:00+00:00,2022-02-24 20:00:00+00:00,2.1431540300000007,1.1431540300000007,1.2941583900000007,-0.029583509999999924,2.2941583900000007,0.9704164900000001
149,Sell,2022-02-27 08:00:00+00:00,0.03741979,0.43566191,2.18057382,1.18057382,1.50050167,BTC,1.0,2022-02-27 08:00:00+00:00,2022-02-27 08:00:00+00:00,2.1805738200000007,1.1805738200000007,1.2941583900000007,-0.029583509999999924,2.2941583900000007,0.9704164900000001
150,Sell,2022-02-27 08:00:00+00:00,0.03741979,0.43566191,2.21799361,1.21799361,1.50050167,BTC,1.0,2022-02-27 08:00:00+00:00,2022-02-27 08:00:00+00:00,2.2179936100000006,1.2179936100000006,1.2941583900000007,-0.029583509999999924,2.2941583900000007,0.9704164900000001
151,Sell,2022-02-27 09:00:00+00:00,-0.00700896,-0.06664486,2.21098465,1.21098465,1.19606845,BTC,1.0,2022-02-27 09:00:00+00:00,2022-02-27 09:00:00+00:00,2.2109846500000008,1.2109846500000008,1.2941583900000007,-0.029583509999999924,2.2941583900000007,0.9704164900000001
152,Sell,2022-02-27 09:00:00+00:00,-0.00681469,-0.06479737,2.20416996,1.20416996,1.0988408,BTC,1.0,2022-02-27 09:00:00+00:00,2022-02-27 09:00:00+00:00,2.2041699600000006,1.2041699600000006,1.2941583900000007,-0.029583509999999924,2.2941583900000007,0.9704164900000001
153,Sell,2022-02-28 00:00:00+00:00,0.01227637,0.15390792,2.21644633,1.21644633,1.32527639,BTC,1.0,2022-02-28 00:00:00+00:00,2022-02-28 00:00:00+00:00,2.2164463300000006,1.2164463300000006,1.2941583900000007,-0.029583509999999924,2.2941583900000007,0.9704164900000001
154,Sell,2022-02-28 12:00:00+00:00,0.03437189,0.42064853,2.25081822,1.25081822,1.38043248,BTC,1.0,2022-02-28 12:00:00+00:00,2022-02-28 12:00:00+00:00,2.2508182200000006,1.2508182200000006,1.2941583900000007,-0.029583509999999924,2.2941583900000007,0.9704164900000001
155,Sell,2022-02-28 12:00:00+00:00,0.03604501,0.44112233,2.28686323,1.28686323,1.41473829,BTC,1.0,2022-02-28 12:00:00+00:00,2022-02-28 12:00:00+00:00,2.2868632300000007,1.2868632300000007,1.2941583900000007,-0.029583509999999924,2.2941583900000007,0.9704164900000001
156,Sell,2022-02-28 12:00:00+00:00,-0.00608343,-0.05784474,2.2807798,1.2807798,0.43158127,BTC,1.0,2022-02-28 12:00:00+00:00,2022-02-28 12:00:00+00:00,2.280779800000001,1.2807798000000008,1.2941583900000007,-0.029583509999999924,2.2941583900000007,0.9704164900000001
157,Sell,2022-03-03 04:00:00+00:00,-0.01544414,-0.14855032,2.26533566,1.26533566,0.4608293,BTC,1.0,2022-03-03 04:00:00+00:00,2022-03-03 04:00:00+00:00,2.2653356600000008,1.2653356600000008,1.2941583900000007,-0.029583509999999924,2.2941583900000007,0.9704164900000001
158,Sell,2022-03-04 20:00:00+00:00,0.02882273,0.33421886,2.29415839,1.29415839,1.33364885,BTC,1.0,2022-03-04 20:00:00+00:00,2022-03-04 20:00:00+00:00,2.2941583900000007,1.2941583900000007,1.2941583900000007,-0.029583509999999924,2.2941583900000007,0.9704164900000001
159,Sell,2022-03-05 16:00:00+00:00,-0.00171229,-0.01492741,2.2924461,1.2924461,1.16328684,BTC,1.0,2022-03-05 16:00:00+00:00,2022-03-05 16:00:00+00:00,2.2924461000000007,1.2924461000000007,1.2941583900000007,-0.029583509999999924,2.2941583900000007,0.9704164900000001
160,Sell,2022-03-05 16:00:00+00:00,-0.00171605,-0.01496019,2.29073005,1.29073005,1.06744174,BTC,1.0,2022-03-05 16:00:00+00:00,2022-03-05 16:00:00+00:00,2.2907300500000005,1.2907300500000005,1.2941583900000007,-0.029583509999999924,2.2941583900000007,0.9704164900000001
161,Sell,2022-03-05 16:00:00+00:00,-0.01171999,-0.11142407,2.27901006,1.27901006,0.89265817,BTC,1.0,2022-03-05 16:00:00+00:00,2022-03-05 16:00:00+00:00,2.2790100600000005,1.2790100600000005,1.2941583900000007,-0.029583509999999924,2.2941583900000007,0.9704164900000001
162,Sell,2022-03-11 13:00:00+00:00,-0.00490807,-0.04312264,2.27410199,1.27410199,1.0700002,BTC,1.0,2022-03-11 13:00:00+00:00,2022-03-11 13:00:00+00:00,2.2741019900000006,1.2741019900000006,1.2941583900000007,-0.029583509999999924,2.2941583900000007,0.9704164900000001
163,Sell,2022-03-11 13:00:00+00:00,-0.00490807,-0.04312264,2.26919392,1.26919392,0.81104175,BTC,1.0,2022-03-11 13:00:00+00:00,2022-03-11 13:00:00+00:00,2.2691939200000006,1.2691939200000006,1.2941583900000007,-0.029583509999999924,2.2941583900000007,0.9704164900000001
164,Sell,2022-03-11 13:00:00+00:00,-0.00490807,-0.04312264,2.26428585,1.26428585,0.97828819,BTC,1.0,2022-03-11 13:00:00+00:00,2022-03-11 13:00:00+00:00,2.2642858500000007,1.2642858500000007,1.2941583900000007,-0.029583509999999924,2.2941583900000007,0.9704164900000001
165,Sell,2022-03-11 20:00:00+00:00,-0.00653143,-0.05694046,2.25775442,1.25775442,1.35812195,BTC,1.0,2022-03-11 20:00:00+00:00,2022-03-11 20:00:00+00:00,2.257754420000001,1.2577544200000008,1.2941583900000007,-0.029583509999999924,2.2941583900000007,0.9704164900000001
166,Sell,2022-03-18 00:00:00+00:00,-0.00298764,-0.02651351,,,1.01511723,BTC,1.0,2022-03-18 00:00:00+00:00,2022-03-18 00:00:00+00:00,2.2547667800000006,1.2547667800000006,1.2941583900000007,-0.029583509999999924,2.2941583900000007,0.9704164900000001
167,Sell,2022-03-18 00:00:00+00:00,-0.00298412,-0.02648228,,,0.76308124,BTC,1.0,2022-03-18 00:00:00+00:00,2022-03-18 00:00:00+00:00,2.251782660000001,1.2517826600000008,1.2941583900000007,-0.029583509999999924,2.2941583900000007,0.9704164900000001
168,Sell,2022-03-18 00:00:00+00:00,-0.00298412,-0.02648228,,,0.92589861,BTC,1.0,2022-03-18 00:00:00+00:00,2022-03-18 00:00:00+00:00,2.248798540000001,1.248798540000001,1.2941583900000007,-0.029583509999999924,2.2941583900000007,0.9704164900000001
169,Sell,2022-03-20 04:00:00+00:00,-0.00230643,-0.02057736,,,2.47569764,BTC,1.0,2022-03-20 04:00:00+00:00,2022-03-20 04:00:00+00:00,2.246492110000001,1.246492110000001,1.2941583900000007,-0.029583509999999924,2.2941583900000007,0.9704164900000001
170,Sell,2022-03-20 04:00:00+00:00,-0.00230643,-0.02057736,,,1.32400445,BTC,1.0,2022-03-20 04:00:00+00:00,2022-03-20 04:00:00+00:00,2.244185680000001,1.244185680000001,1.2941583900000007,-0.029583509999999924,2.2941583900000007,0.9704164900000001
171,Sell,2022-03-20 11:00:00+00:00,-0.00083906,-0.00748593,,,1.0000322,BTC,1.0,2022-03-20 11:00:00+00:00,2022-03-20 11:00:00+00:00,2.243346620000001,1.243346620000001,1.2941583900000007,-0.029583509999999924,2.2941583900000007,0.9704164900000001
172,Sell,2022-03-20 11:00:00+00:00,-0.00083906,-0.00748593,,,0.74988294,BTC,1.0,2022-03-20 11:00:00+00:00,2022-03-20 11:00:00+00:00,2.242507560000001,1.2425075600000008,1.2941583900000007,-0.029583509999999924,2.2941583900000007,0.9704164900000001
173,Sell,2022-03-20 11:00:00+00:00,-0.00083906,-0.00748593,,,0.91148147,BTC,1.0,2022-03-20 11:00:00+00:00,2022-03-20 11:00:00+00:00,2.2416685000000007,1.2416685000000007,1.2941583900000007,-0.029583509999999924,2.2941583900000007,0.9704164900000001
174,Sell,2022-03-20 18:00:00+00:00,-0.00725567,-0.06325421,,,0.34102773,BTC,1.0,2022-03-20 18:00:00+00:00,2022-03-20 18:00:00+00:00,2.2344128300000006,1.2344128300000006,1.2941583900000007,-0.029583509999999924,2.2941583900000007,0.9704164900000001
175,Sell,2022-04-01 02:00:00+00:00,-0.00217713,-0.01956083,,,1.27854499,BTC,1.0,2022-04-01 02:00:00+00:00,2022-04-01 02:00:00+00:00,2.2322357000000004,1.2322357000000004,1.2941583900000007,-0.029583509999999924,2.2941583900000007,0.9704164900000001
176,Sell,2022-04-03 20:00:00+00:00,-0.00087362,-0.00775288,,,1.3072488,BTC,1.0,2022-04-03 20:00:00+00:00,2022-04-03 20:00:00+00:00,2.2313620800000002,1.2313620800000002,1.2941583900000007,-0.029583509999999924,2.2941583900000007,0.9704164900000001
177,Sell,2022-04-10 09:00:00+00:00,-0.01237169,-0.10785396,,,0.30327308,BTC,1.0,2022-04-10 09:00:00+00:00,2022-04-10 09:00:00+00:00,2.21899039,1.21899039,1.2941583900000007,-0.029583509999999924,2.2941583900000007,0.9704164900000001
178,Sell,2022-04-12 21:00:00+00:00,-0.0055366,-0.04974433,,,0.90054194,BTC,1.0,2022-04-12 21:00:00+00:00,2022-04-12 21:00:00+00:00,2.21345379,1.21345379,1.2941583900000007,-0.029583509999999924,2.2941583900000007,0.9704164900000001
179,Sell,2022-04-12 21:00:00+00:00,-0.00559594,-0.05027696,,,0.81537799,BTC,1.0,2022-04-12 21:00:00+00:00,2022-04-12 21:00:00+00:00,2.20785785,1.20785785,1.2941583900000007,-0.029583509999999924,2.2941583900000007,0.9704164900000001
180,Sell,2022-04-13 16:00:00+00:00,-0.00816996,-0.0735628,,,1.11092884,BTC,1.0,2022-04-13 16:00:00+00:00,2022-04-13 16:00:00+00:00,2.19968789,1.1996878899999999,1.2941583900000007,-0.029583509999999924,2.2941583900000007,0.9704164900000001
181,Sell,2022-04-13 17:00:00+00:00,-0.00520183,-0.04673655,,,0.66809945,BTC,1.0,2022-04-13 17:00:00+00:00,2022-04-13 17:00:00+00:00,2.19448606,1.19448606,1.2941583900000007,-0.029583509999999924,2.2941583900000007,0.9704164900000001
182,Sell,2022-04-13 18:00:00+00:00,-0.00623002,-0.05597478,,,2.28114623,BTC,1.0,2022-04-13 18:00:00+00:00,2022-04-13 18:00:00+00:00,2.18825604,1.1882560400000002,1.2941583900000007,-0.029583509999999924,2.2941583900000007,0.9704164900000001
183,Sell,2022-04-14 00:00:00+00:00,-0.0087809,-0.07889235,,,2.37959155,BTC,1.0,2022-04-14 00:00:00+00:00,2022-04-14 00:00:00+00:00,2.17947514,1.17947514,1.2941583900000007,-0.029583509999999924,2.2941583900000007,0.9704164900000001
184,Sell,2022-04-15 18:00:00+00:00,-0.00678292,-0.06094123,,,0.25930385,BTC,1.0,2022-04-15 18:00:00+00:00,2022-04-15 18:00:00+00:00,2.17269222,1.17269222,1.2941583900000007,-0.029583509999999924,2.2941583900000007,0.9704164900000001
185,Sell,2022-04-19 22:00:00+00:00,-0.00116922,-0.01083923,,,0.87994153,BTC,1.0,2022-04-19 22:00:00+00:00,2022-04-19 22:00:00+00:00,2.171523,1.171523,1.2941583900000007,-0.029583509999999924,2.2941583900000007,0.9704164900000001
186,Sell,2022-04-19 22:00:00+00:00,-0.00116922,-0.01083923,,,0.65001854,BTC,1.0,2022-04-19 22:00:00+00:00,2022-04-19 22:00:00+00:00,2.17035378,1.1703537800000001,1.2941583900000007,-0.029583509999999924,2.2941583900000007,0.9704164900000001
187,Sell,2022-04-19 22:00:00+00:00,-0.00184508,-0.01714607,,,0.78425139,BTC,1.0,2022-04-19 22:00:00+00:00,2022-04-19 22:00:00+00:00,2.1685087000000003,1.1685087000000003,1.2941583900000007,-0.029583509999999924,2.2941583900000007,0.9704164900000001
188,Sell,2022-04-20 00:00:00+00:00,-0.00749752,-0.06689008,,,1.17755089,BTC,1.0,2022-04-20 00:00:00+00:00,2022-04-20 00:00:00+00:00,2.1610111800000005,1.1610111800000005,1.2941583900000007,-0.029583509999999924,2.2941583900000007,0.9704164900000001
189,Sell,2022-04-21 01:00:00+00:00,-0.00240969,-0.02249287,,,0.83765625,BTC,1.0,2022-04-21 01:00:00+00:00,2022-04-21 01:00:00+00:00,2.1586014900000006,1.1586014900000006,1.2941583900000007,-0.029583509999999924,2.2941583900000007,0.9704164900000001
190,Sell,2022-04-21 01:00:00+00:00,-0.00240969,-0.02249287,,,0.74411846,BTC,1.0,2022-04-21 01:00:00+00:00,2022-04-21 01:00:00+00:00,2.1561918000000007,1.1561918000000007,1.2941583900000007,-0.029583509999999924,2.2941583900000007,0.9704164900000001
191,Sell,2022-04-21 12:00:00+00:00,-0.00247986,-0.02304436,,,2.20553432,BTC,1.0,2022-04-21 12:00:00+00:00,2022-04-21 12:00:00+00:00,2.153711940000001,1.1537119400000009,1.2941583900000007,-0.029583509999999924,2.2941583900000007,0.9704164900000001
192,Sell,2022-04-23 12:00:00+00:00,-0.00039068,-0.00366336,,,0.83092425,BTC,1.0,2022-04-23 12:00:00+00:00,2022-04-23 12:00:00+00:00,2.1533212600000007,1.1533212600000007,1.2941583900000007,-0.029583509999999924,2.2941583900000007,0.9704164900000001
193,Sell,2022-04-23 12:00:00+00:00,-0.00112368,-0.01053668,,,0.72574124,BTC,1.0,2022-04-23 12:00:00+00:00,2022-04-23 12:00:00+00:00,2.1521975800000006,1.1521975800000006,1.2941583900000007,-0.029583509999999924,2.2941583900000007,0.9704164900000001
194,Sell,2022-04-23 14:00:00+00:00,-0.00112653,-0.01051542,,,0.6326679,BTC,1.0,2022-04-23 14:00:00+00:00,2022-04-23 14:00:00+00:00,2.1510710500000005,1.1510710500000005,1.2941583900000007,-0.029583509999999924,2.2941583900000007,0.9704164900000001
195,Sell,2022-04-23 16:00:00+00:00,-0.00459944,-0.04312759,,,2.23383791,BTC,1.0,2022-04-23 16:00:00+00:00,2022-04-23 16:00:00+00:00,2.1464716100000008,1.1464716100000008,1.2941583900000007,-0.029583509999999924,2.2941583900000007,0.9704164900000001
196,Sell,2022-05-03 14:00:00+00:00,-0.02006095,-0.18641852,,,0.71741261,BTC,1.0,2022-05-03 14:00:00+00:00,2022-05-03 14:00:00+00:00,2.126410660000001,1.1264106600000008,1.2941583900000007,-0.029583509999999924,2.2941583900000007,0.9704164900000001
197,Sell,2022-05-03 18:00:00+00:00,-0.02168602,-0.19667398,,,0.04695318,BTC,1.0,2022-05-03 18:00:00+00:00,2022-05-03 18:00:00+00:00,2.1047246400000006,1.1047246400000006,1.2941583900000007,-0.029583509999999924,2.2941583900000007,0.9704164900000001
198,Sell,2022-05-05 14:00:00+00:00,-0.00425125,-0.04157539,,,0.75480286,BTC,1.0,2022-05-05 14:00:00+00:00,2022-05-05 14:00:00+00:00,2.1004733900000008,1.1004733900000008,1.2941583900000007,-0.029583509999999924,2.2941583900000007,0.9704164900000001
199,Sell,2022-05-07 00:00:00+00:00,-0.02164107,-0.20292343,,,1.5550563,BTC,1.0,2022-05-07 00:00:00+00:00,2022-05-07 00:00:00+00:00,2.078832320000001,1.078832320000001,1.2941583900000007,-0.029583509999999924,2.2941583900000007,0.9704164900000001
200,Sell,2022-05-07 02:00:00+00:00,-0.00276042,-0.02712108,,,0.70721071,BTC,1.0,2022-05-07 02:00:00+00:00,2022-05-07 02:00:00+00:00,2.076071900000001,1.076071900000001,1.2941583900000007,-0.029583509999999924,2.2941583900000007,0.9704164900000001
201,Sell,2022-05-07 02:00:00+00:00,-0.00380918,-0.03725214,,,0.57184753,BTC,1.0,2022-05-07 02:00:00+00:00,2022-05-07 02:00:00+00:00,2.072262720000001,1.0722627200000008,1.2941583900000007,-0.029583509999999924,2.2941583900000007,0.9704164900000001
202,Sell,2022-05-07 06:00:00+00:00,-0.01947268,-0.18259384,,,0.02936272,BTC,1.0,2022-05-07 06:00:00+00:00,2022-05-07 06:00:00+00:00,2.052790040000001,1.052790040000001,1.2941583900000007,-0.029583509999999924,2.2941583900000007,0.9704164900000001
